{
  "0": {
    "precision": 0.638095238095238,
    "recall": 0.8589743589743589,
    "f1-score": 0.7322404371584699,
    "support": 78
  },
  "1": {
    "precision": 0.8533333333333334,
    "recall": 0.6274509803921569,
    "f1-score": 0.7231638418079096,
    "support": 102
  },
  "accuracy": 0.7277777777777777,
  "macro avg": {
    "precision": 0.7457142857142858,
    "recall": 0.7432126696832579,
    "f1-score": 0.7277021394831897,
    "support": 180
  },
  "weighted avg": {
    "precision": 0.760063492063492,
    "recall": 0.7277777777777777,
    "f1-score": 0.7270970331264857,
    "support": 180
  }
}